{"lr": 0.0019819639278557113, "data_time": 0.011504344940185547, "loss": 0.7993610000610352, "loss_rpn_cls": 0.3284638196229935, "loss_rpn_bbox": 0.017292631343007087, "loss_cls": 0.30198084689676763, "acc": 92.138671875, "loss_bbox": 0.151623704014346, "time": 0.7972024965286255, "epoch": 1, "iter": 50, "memory": 4462, "step": 50}
{"lr": 0.0039839679358717435, "data_time": 0.00721705436706543, "loss": 0.5439503371715546, "loss_rpn_cls": 0.0336464262381196, "loss_rpn_bbox": 0.014621965577825904, "loss_cls": 0.2040408445894718, "acc": 95.947265625, "loss_bbox": 0.2916411051154137, "time": 0.8104262399673462, "epoch": 1, "iter": 100, "memory": 4462, "step": 100}
