{"lr": 0.0019819639278557113, "data_time": 0.01217076301574707, "loss": 0.6741737589240074, "loss_rpn_cls": 0.3251739848405123, "loss_rpn_bbox": 0.017743077632039785, "loss_cls": 0.23121884178370236, "acc": 93.26171875, "loss_bbox": 0.10003785383218201, "time": 0.810862374305725, "epoch": 1, "iter": 50, "memory": 4463, "step": 50}
{"lr": 0.0039839679358717435, "data_time": 0.007071113586425782, "loss": 0.5797604596614838, "loss_rpn_cls": 0.0363068450987339, "loss_rpn_bbox": 0.01461952376179397, "loss_cls": 0.22492351979017258, "acc": 91.552734375, "loss_bbox": 0.3039105749130249, "time": 0.8307781171798706, "epoch": 1, "iter": 100, "memory": 4463, "step": 100}
