{"lr": 0.0019819639278557113, "data_time": 0.011249027252197265, "loss": 0.7956217122077942, "loss_rpn_cls": 0.32603096328675746, "loss_rpn_bbox": 0.01690954796038568, "loss_cls": 0.30231796845793724, "acc": 92.48046875, "loss_bbox": 0.15036323085427283, "time": 0.7930428123474121, "epoch": 1, "iter": 50, "memory": 4461, "step": 50}
{"lr": 0.0039839679358717435, "data_time": 0.007006783485412598, "loss": 0.5910714775323868, "loss_rpn_cls": 0.03840259589254856, "loss_rpn_bbox": 0.014736647810786962, "loss_cls": 0.23085618644952774, "acc": 91.943359375, "loss_bbox": 0.307076051235199, "time": 0.8086082792282104, "epoch": 1, "iter": 100, "memory": 4461, "step": 100}
{"coco/bbox_mAP": 0.126, "coco/bbox_mAP_50": 0.519, "coco/bbox_mAP_75": 0.01, "coco/bbox_mAP_s": -1.0, "coco/bbox_mAP_m": -1.0, "coco/bbox_mAP_l": 0.126, "data_time": 0.00905939605500963, "time": 0.3518359065055847, "step": 1}
{"lr": 0.006226212424849697, "data_time": 0.008942704200744628, "loss": 0.4652546328306198, "loss_rpn_cls": 0.021028493335470556, "loss_rpn_bbox": 0.013288968605920673, "loss_cls": 0.17826942190527917, "acc": 94.23828125, "loss_bbox": 0.2526677492260933, "time": 0.8273943567276001, "epoch": 2, "iter": 156, "memory": 4461, "step": 156}
{"lr": 0.008228216432865724, "data_time": 0.007464962005615234, "loss": 0.3729713749885559, "loss_rpn_cls": 0.013159037828445434, "loss_rpn_bbox": 0.014293180843815208, "loss_cls": 0.13033488005399704, "acc": 95.703125, "loss_bbox": 0.2151842725276947, "time": 0.8175660610198975, "epoch": 2, "iter": 206, "memory": 4461, "step": 206}
{"coco/bbox_mAP": 0.447, "coco/bbox_mAP_50": 0.954, "coco/bbox_mAP_75": 0.316, "coco/bbox_mAP_s": -1.0, "coco/bbox_mAP_m": -1.0, "coco/bbox_mAP_l": 0.447, "data_time": 0.004911590266872097, "time": 0.33241134720879634, "step": 2}
{"lr": 0.010470460921843675, "data_time": 0.008195438385009766, "loss": 0.3185089135169983, "loss_rpn_cls": 0.009657362680882216, "loss_rpn_bbox": 0.013895237743854523, "loss_cls": 0.10526160150766373, "acc": 96.2890625, "loss_bbox": 0.18969471216201783, "time": 0.8244873189926147, "epoch": 3, "iter": 262, "memory": 4461, "step": 262}
