{"lr": 0.0019819639278557113, "data_time": 0.01210118293762207, "loss": 0.67212477684021, "loss_rpn_cls": 0.2958231436833739, "loss_rpn_bbox": 0.019990509189665318, "loss_cls": 0.23768370404839514, "acc": 93.896484375, "loss_bbox": 0.11862742548488313, "time": 0.7958114385604859, "epoch": 1, "iter": 50, "memory": 4462, "step": 50}
{"lr": 0.0039839679358717435, "data_time": 0.007544898986816406, "loss": 0.554714053273201, "loss_rpn_cls": 0.03439611468464136, "loss_rpn_bbox": 0.013458949131891131, "loss_cls": 0.21810106456279754, "acc": 93.75, "loss_bbox": 0.2887579241394997, "time": 0.8093571138381958, "epoch": 1, "iter": 100, "memory": 4462, "step": 100}
